Url	Label
https://github.com/afeinberg/ocaml-vclock	_cse_qlsdpvmhhdi
https://github.com/agarwal/biocaml	_cse_qlsdpvmhhdi
https://github.com/alanfalloon/ocaml-quickcheck	_cse_qlsdpvmhhdi
https://github.com/alavrik/piqi	_cse_qlsdpvmhhdi
https://github.com/alexy/clams	_cse_qlsdpvmhhdi
https://github.com/andrenth/ocaml-uint	_cse_qlsdpvmhhdi
https://github.com/andrenth/ospec	_cse_qlsdpvmhhdi
https://github.com/arifken/MD2Export	_cse_qlsdpvmhhdi
https://github.com/aryx/lfs	_cse_qlsdpvmhhdi
https://github.com/attresearch/yakker	_cse_qlsdpvmhhdi
https://github.com/avsm/melange	_cse_qlsdpvmhhdi
https://github.com/avsm/mpl	_cse_qlsdpvmhhdi
https://github.com/avsm/ocaml-abnf	_cse_qlsdpvmhhdi
https://github.com/avsm/ocaml-appengine	_cse_qlsdpvmhhdi
https://github.com/avsm/ocaml-cohttp	_cse_qlsdpvmhhdi
https://github.com/avsm/ocaml-orm-sqlite	_cse_qlsdpvmhhdi
https://github.com/barko/aws	_cse_qlsdpvmhhdi
https://github.com/barko/kache	_cse_qlsdpvmhhdi
https://github.com/barko/wrxh	_cse_qlsdpvmhhdi
https://github.com/berke/aurochs	_cse_qlsdpvmhhdi
https://github.com/bobot/FetedelascienceINRIAsaclay	_cse_qlsdpvmhhdi
https://github.com/bomberstudios/mtasc	_cse_qlsdpvmhhdi
https://github.com/BrailleNet/dtbprotect	_cse_qlsdpvmhhdi
https://github.com/coccinelle/coccinelle	_cse_qlsdpvmhhdi
https://github.com/collaborativetrust/OcamlLdaLibs	_cse_qlsdpvmhhdi
https://github.com/collaborativetrust/WikiTrust	_cse_qlsdpvmhhdi
https://github.com/coq/coq	_cse_qlsdpvmhhdi
https://github.com/danmey/ocaml-inline-x86	_cse_qlsdpvmhhdi
https://github.com/djs55/openflow-ocaml	_cse_qlsdpvmhhdi
https://github.com/dsheets/ocaml-cohttpserver	_cse_qlsdpvmhhdi
https://github.com/dsheets/ocaml-facebook	_cse_qlsdpvmhhdi
https://github.com/dustin/gearman-ocaml	_cse_qlsdpvmhhdi
https://github.com/EchoTeam/ocaml-erlang-port	_cse_qlsdpvmhhdi
https://github.com/EchoTeam/ocaml-html-sanitizer	_cse_qlsdpvmhhdi
https://github.com/ermine/sulci	_cse_qlsdpvmhhdi
https://github.com/ermine/xmpp	_cse_qlsdpvmhhdi
https://github.com/facebook/pfff	_cse_qlsdpvmhhdi
https://github.com/farr/mcmc-ocaml	_cse_qlsdpvmhhdi
https://github.com/felix-lang/felix	_cse_qlsdpvmhhdi
https://github.com/g2p/git-fs	_cse_qlsdpvmhhdi
https://github.com/graydon/rust	_cse_qlsdpvmhhdi
https://github.com/hhughes/ocaml-frui	_cse_qlsdpvmhhdi
https://github.com/hypios/hyLink	_cse_qlsdpvmhhdi
https://github.com/jaked/deriving	_cse_qlsdpvmhhdi
https://github.com/jaked/froc	_cse_qlsdpvmhhdi
https://github.com/jaked/ocamljs	_cse_qlsdpvmhhdi
https://github.com/jaked/orpc	_cse_qlsdpvmhhdi
https://github.com/jaked/otoky	_cse_qlsdpvmhhdi
https://github.com/jakedouglas/OCamlMachine	_cse_qlsdpvmhhdi
https://github.com/jkrivine/KaSim	_cse_qlsdpvmhhdi
https://github.com/jlouis/caml-in-couch	_cse_qlsdpvmhhdi
https://github.com/Jupotter/prvasmbly	_cse_qlsdpvmhhdi
https://github.com/kappamodeler/kappa	_cse_qlsdpvmhhdi
https://github.com/kappamodeler/metakappa	_cse_qlsdpvmhhdi
https://github.com/kig/gitbug	_cse_qlsdpvmhhdi
https://github.com/kig/preludeml	_cse_qlsdpvmhhdi
https://github.com/krohrer/caml-inspect	_cse_qlsdpvmhhdi
https://github.com/mariusaeriksen/ocaml-rtree	_cse_qlsdpvmhhdi
https://github.com/mariusaeriksen/ocaml-twitterstream	_cse_qlsdpvmhhdi
https://github.com/matsen/pplacer	_cse_qlsdpvmhhdi
https://github.com/mattam82/Coq-Equations	_cse_qlsdpvmhhdi
https://github.com/matthiasgoergens/OcamlRegEx	_cse_qlsdpvmhhdi
https://github.com/mboes/coqine	_cse_qlsdpvmhhdi
https://github.com/mfp/extprot	_cse_qlsdpvmhhdi
https://github.com/mfp/ocaml-cassandra	_cse_qlsdpvmhhdi
https://github.com/mfp/ocamlmq	_cse_qlsdpvmhhdi
https://github.com/mfp/ocaml-sqlexpr	_cse_qlsdpvmhhdi
https://github.com/mfp/ocsiblog	_cse_qlsdpvmhhdi
https://github.com/mirage/cohttp	_cse_qlsdpvmhhdi
https://github.com/mirage/orm	_cse_qlsdpvmhhdi
https://github.com/MyLifeLabs/atd	_cse_qlsdpvmhhdi
https://github.com/MyLifeLabs/atdgen	_cse_qlsdpvmhhdi
https://github.com/mzp/ocaml-hoogle	_cse_qlsdpvmhhdi
https://github.com/mzp/scheme-abc	_cse_qlsdpvmhhdi
https://github.com/mzp/websocket-ocaml	_cse_qlsdpvmhhdi
https://github.com/np/camllexer	_cse_qlsdpvmhhdi
https://github.com/ocaml-batteries-team/batteries-included	_cse_qlsdpvmhhdi
https://github.com/OCamlPro/numcaml	_cse_qlsdpvmhhdi
https://github.com/OCamlPro/ocamlpro.github.com	_cse_qlsdpvmhhdi
https://github.com/OCamlPro/OCamlPro-OCaml-Branch	_cse_qlsdpvmhhdi
https://github.com/pangloss/gibak	_cse_qlsdpvmhhdi
https://github.com/pchickey/paparazzi-linux-release	_cse_qlsdpvmhhdi
https://github.com/pikatchu/LinearML	_cse_qlsdpvmhhdi
https://github.com/pkrumins/the-little-mler	_cse_qlsdpvmhhdi
https://github.com/rgeoghegan/ocaml-redis	_cse_qlsdpvmhhdi
https://github.com/samoht/camlscript	_cse_qlsdpvmhhdi
https://github.com/samoht/htcaml	_cse_qlsdpvmhhdi
https://github.com/samoht/rpc-light	_cse_qlsdpvmhhdi
https://github.com/septract/jstar	_cse_qlsdpvmhhdi
https://github.com/sneesh/Verishort	_cse_qlsdpvmhhdi
https://github.com/thelema/ocaml-community	_cse_qlsdpvmhhdi
https://github.com/vbigiani/weidu	_cse_qlsdpvmhhdi
https://github.com/VictorNicollet/99-Problems-OCaml	_cse_qlsdpvmhhdi
https://github.com/williamleferrand/mediawiki-ocaml-js	_cse_qlsdpvmhhdi
https://github.com/xen-org/ocaml-encodings	_cse_qlsdpvmhhdi
https://github.com/xen-org/xen-api	_cse_qlsdpvmhhdi
https://github.com/xen-org/xen-api-libs	_cse_qlsdpvmhhdi
https://github.com/xen-org/xenops	_cse_qlsdpvmhhdi
https://github.com/yoshihiro503/ocamltter	_cse_qlsdpvmhhdi
https://github.com/zaxtax/ocaml-clustering	_cse_qlsdpvmhhdi
